model_name,model_type,trial,params,data
20250703155621_t1_linear_regression.pt,linear_regression,0,"{""batch_size"": 64, ""learning_rate"": 1e-05, ""optimizer"": ""adagrad""}","{""device"": ""cuda"", ""es"": false, ""freq"": ""1d"", ""horizon"": 1, ""load_path"": ""data/processed\\mm118648.csv"", ""lookback"": 14, ""target_col"": ""load"", ""time_col"": ""datetime"", ""use_calendar"": false, ""use_weather"": false}"
20250703155622_t1_lstm.pt,lstm,0,"{""batch_size"": 64, ""dense_size"": 8, ""dropout_fc"": 0.3, ""dropout_lstm"": 0.1, ""learning_rate"": 0.0001, ""lstm_hidden_size"": 32, ""lstm_layers"": 1, ""optimizer"": ""adam""}","{""device"": ""cuda"", ""es"": false, ""freq"": ""1d"", ""horizon"": 1, ""load_path"": ""data/processed\\mm118648.csv"", ""lookback"": 14, ""target_col"": ""load"", ""time_col"": ""datetime"", ""use_calendar"": false, ""use_weather"": false}"
20250703155623_t1_linear_regression.pt,linear_regression,0,"{""batch_size"": 128, ""learning_rate"": 0.001, ""optimizer"": ""adamw""}","{""device"": ""cuda"", ""es"": false, ""freq"": ""1d"", ""horizon"": 1, ""load_path"": ""data/processed\\mm125431.csv"", ""lookback"": 14, ""target_col"": ""load"", ""time_col"": ""datetime"", ""use_calendar"": false, ""use_weather"": false}"
20250703155623_t1_lstm.pt,lstm,0,"{""batch_size"": 128, ""dense_size"": 32, ""dropout_fc"": 0.2, ""dropout_lstm"": 0.2, ""learning_rate"": 0.01, ""lstm_hidden_size"": 64, ""lstm_layers"": 2, ""optimizer"": ""nadam""}","{""device"": ""cuda"", ""es"": false, ""freq"": ""1d"", ""horizon"": 1, ""load_path"": ""data/processed\\mm125431.csv"", ""lookback"": 14, ""target_col"": ""load"", ""time_col"": ""datetime"", ""use_calendar"": false, ""use_weather"": false}"
20250703155623_t1_linear_regression.pt,linear_regression,0,"{""batch_size"": 64, ""learning_rate"": 0.001, ""optimizer"": ""adagrad""}","{""device"": ""cuda"", ""es"": false, ""freq"": ""1d"", ""horizon"": 1, ""load_path"": ""data/processed\\mm144644.csv"", ""lookback"": 14, ""target_col"": ""load"", ""time_col"": ""datetime"", ""use_calendar"": false, ""use_weather"": false}"
20250703155623_t1_lstm.pt,lstm,0,"{""batch_size"": 128, ""dense_size"": 20, ""dropout_fc"": 0.1, ""dropout_lstm"": 0.2, ""learning_rate"": 1e-05, ""lstm_hidden_size"": 8, ""lstm_layers"": 1, ""optimizer"": ""nadam""}","{""device"": ""cuda"", ""es"": false, ""freq"": ""1d"", ""horizon"": 1, ""load_path"": ""data/processed\\mm144644.csv"", ""lookback"": 14, ""target_col"": ""load"", ""time_col"": ""datetime"", ""use_calendar"": false, ""use_weather"": false}"
20250703155624_t1_linear_regression.pt,linear_regression,0,"{""batch_size"": 64, ""learning_rate"": 0.01, ""optimizer"": ""nadam""}","{""device"": ""cuda"", ""es"": false, ""freq"": ""1d"", ""horizon"": 1, ""load_path"": ""data/processed\\mm148296.csv"", ""lookback"": 14, ""target_col"": ""load"", ""time_col"": ""datetime"", ""use_calendar"": false, ""use_weather"": false}"
20250703155624_t1_lstm.pt,lstm,0,"{""batch_size"": 128, ""dense_size"": 16, ""dropout_fc"": 0.1, ""dropout_lstm"": 0.2, ""learning_rate"": 0.0001, ""lstm_hidden_size"": 32, ""lstm_layers"": 1, ""optimizer"": ""nadam""}","{""device"": ""cuda"", ""es"": false, ""freq"": ""1d"", ""horizon"": 1, ""load_path"": ""data/processed\\mm148296.csv"", ""lookback"": 14, ""target_col"": ""load"", ""time_col"": ""datetime"", ""use_calendar"": false, ""use_weather"": false}"
20250703155624_t1_linear_regression.pt,linear_regression,0,"{""batch_size"": 128, ""learning_rate"": 0.001, ""optimizer"": ""nadam""}","{""device"": ""cuda"", ""es"": false, ""freq"": ""1d"", ""horizon"": 1, ""load_path"": ""data/processed\\mm166942.csv"", ""lookback"": 14, ""target_col"": ""load"", ""time_col"": ""datetime"", ""use_calendar"": false, ""use_weather"": false}"
20250703155624_t1_lstm.pt,lstm,0,"{""batch_size"": 256, ""dense_size"": 16, ""dropout_fc"": 0.3, ""dropout_lstm"": 0.2, ""learning_rate"": 1e-05, ""lstm_hidden_size"": 32, ""lstm_layers"": 3, ""optimizer"": ""adagrad""}","{""device"": ""cuda"", ""es"": false, ""freq"": ""1d"", ""horizon"": 1, ""load_path"": ""data/processed\\mm166942.csv"", ""lookback"": 14, ""target_col"": ""load"", ""time_col"": ""datetime"", ""use_calendar"": false, ""use_weather"": false}"
20250703155625_t1_linear_regression.pt,linear_regression,0,"{""batch_size"": 64, ""learning_rate"": 0.0001, ""optimizer"": ""adagrad""}","{""device"": ""cuda"", ""es"": false, ""freq"": ""1d"", ""horizon"": 1, ""load_path"": ""data/processed\\mm182972.csv"", ""lookback"": 14, ""target_col"": ""load"", ""time_col"": ""datetime"", ""use_calendar"": false, ""use_weather"": false}"
20250703155625_t1_lstm.pt,lstm,0,"{""batch_size"": 64, ""dense_size"": 16, ""dropout_fc"": 0.3, ""dropout_lstm"": 0.3, ""learning_rate"": 0.0001, ""lstm_hidden_size"": 48, ""lstm_layers"": 1, ""optimizer"": ""adagrad""}","{""device"": ""cuda"", ""es"": false, ""freq"": ""1d"", ""horizon"": 1, ""load_path"": ""data/processed\\mm182972.csv"", ""lookback"": 14, ""target_col"": ""load"", ""time_col"": ""datetime"", ""use_calendar"": false, ""use_weather"": false}"
20250703155625_t1_linear_regression.pt,linear_regression,0,"{""batch_size"": 128, ""learning_rate"": 0.001, ""optimizer"": ""nadam""}","{""device"": ""cuda"", ""es"": false, ""freq"": ""1d"", ""horizon"": 1, ""load_path"": ""data/processed\\mm187195.csv"", ""lookback"": 14, ""target_col"": ""load"", ""time_col"": ""datetime"", ""use_calendar"": false, ""use_weather"": false}"
20250703155626_t1_lstm.pt,lstm,0,"{""batch_size"": 64, ""dense_size"": 48, ""dropout_fc"": 0.3, ""dropout_lstm"": 0.2, ""learning_rate"": 0.001, ""lstm_hidden_size"": 20, ""lstm_layers"": 2, ""optimizer"": ""adam""}","{""device"": ""cuda"", ""es"": false, ""freq"": ""1d"", ""horizon"": 1, ""load_path"": ""data/processed\\mm187195.csv"", ""lookback"": 14, ""target_col"": ""load"", ""time_col"": ""datetime"", ""use_calendar"": false, ""use_weather"": false}"
20250703155626_t1_linear_regression.pt,linear_regression,0,"{""batch_size"": 128, ""learning_rate"": 0.01, ""optimizer"": ""adamw""}","{""device"": ""cuda"", ""es"": false, ""freq"": ""1d"", ""horizon"": 1, ""load_path"": ""data/processed\\mm199762.csv"", ""lookback"": 14, ""target_col"": ""load"", ""time_col"": ""datetime"", ""use_calendar"": false, ""use_weather"": false}"
20250703155626_t1_lstm.pt,lstm,0,"{""batch_size"": 64, ""dense_size"": 16, ""dropout_fc"": 0.1, ""dropout_lstm"": 0.3, ""learning_rate"": 0.01, ""lstm_hidden_size"": 16, ""lstm_layers"": 2, ""optimizer"": ""nadam""}","{""device"": ""cuda"", ""es"": false, ""freq"": ""1d"", ""horizon"": 1, ""load_path"": ""data/processed\\mm199762.csv"", ""lookback"": 14, ""target_col"": ""load"", ""time_col"": ""datetime"", ""use_calendar"": false, ""use_weather"": false}"
20250703155627_t1_linear_regression.pt,linear_regression,0,"{""batch_size"": 256, ""learning_rate"": 0.001, ""optimizer"": ""adamw""}","{""device"": ""cuda"", ""es"": false, ""freq"": ""1d"", ""horizon"": 1, ""load_path"": ""data/processed\\mm254.csv"", ""lookback"": 14, ""target_col"": ""load"", ""time_col"": ""datetime"", ""use_calendar"": false, ""use_weather"": false}"
20250703155627_t1_lstm.pt,lstm,0,"{""batch_size"": 128, ""dense_size"": 8, ""dropout_fc"": 0.2, ""dropout_lstm"": 0.2, ""learning_rate"": 0.001, ""lstm_hidden_size"": 20, ""lstm_layers"": 4, ""optimizer"": ""nadam""}","{""device"": ""cuda"", ""es"": false, ""freq"": ""1d"", ""horizon"": 1, ""load_path"": ""data/processed\\mm254.csv"", ""lookback"": 14, ""target_col"": ""load"", ""time_col"": ""datetime"", ""use_calendar"": false, ""use_weather"": false}"
20250703155627_t1_linear_regression.pt,linear_regression,0,"{""batch_size"": 64, ""learning_rate"": 0.001, ""optimizer"": ""adagrad""}","{""device"": ""cuda"", ""es"": false, ""freq"": ""1d"", ""horizon"": 1, ""load_path"": ""data/processed\\mm3371.csv"", ""lookback"": 14, ""target_col"": ""load"", ""time_col"": ""datetime"", ""use_calendar"": false, ""use_weather"": false}"
20250703155628_t1_lstm.pt,lstm,0,"{""batch_size"": 64, ""dense_size"": 8, ""dropout_fc"": 0.2, ""dropout_lstm"": 0.1, ""learning_rate"": 1e-05, ""lstm_hidden_size"": 20, ""lstm_layers"": 1, ""optimizer"": ""nadam""}","{""device"": ""cuda"", ""es"": false, ""freq"": ""1d"", ""horizon"": 1, ""load_path"": ""data/processed\\mm3371.csv"", ""lookback"": 14, ""target_col"": ""load"", ""time_col"": ""datetime"", ""use_calendar"": false, ""use_weather"": false}"
20250703155628_t1_linear_regression.pt,linear_regression,0,"{""batch_size"": 64, ""learning_rate"": 0.01, ""optimizer"": ""adamw""}","{""device"": ""cuda"", ""es"": false, ""freq"": ""1d"", ""horizon"": 1, ""load_path"": ""data/processed\\mm41865.csv"", ""lookback"": 14, ""target_col"": ""load"", ""time_col"": ""datetime"", ""use_calendar"": false, ""use_weather"": false}"
20250703155628_t1_lstm.pt,lstm,0,"{""batch_size"": 128, ""dense_size"": 8, ""dropout_fc"": 0.2, ""dropout_lstm"": 0.1, ""learning_rate"": 1e-05, ""lstm_hidden_size"": 8, ""lstm_layers"": 3, ""optimizer"": ""nadam""}","{""device"": ""cuda"", ""es"": false, ""freq"": ""1d"", ""horizon"": 1, ""load_path"": ""data/processed\\mm41865.csv"", ""lookback"": 14, ""target_col"": ""load"", ""time_col"": ""datetime"", ""use_calendar"": false, ""use_weather"": false}"
20250703155629_t1_linear_regression.pt,linear_regression,0,"{""batch_size"": 256, ""learning_rate"": 0.0001, ""optimizer"": ""nadam""}","{""device"": ""cuda"", ""es"": false, ""freq"": ""1d"", ""horizon"": 1, ""load_path"": ""data/processed\\mm45674.csv"", ""lookback"": 14, ""target_col"": ""load"", ""time_col"": ""datetime"", ""use_calendar"": false, ""use_weather"": false}"
20250703155629_t1_lstm.pt,lstm,0,"{""batch_size"": 64, ""dense_size"": 16, ""dropout_fc"": 0.2, ""dropout_lstm"": 0.2, ""learning_rate"": 0.01, ""lstm_hidden_size"": 32, ""lstm_layers"": 3, ""optimizer"": ""adamw""}","{""device"": ""cuda"", ""es"": false, ""freq"": ""1d"", ""horizon"": 1, ""load_path"": ""data/processed\\mm45674.csv"", ""lookback"": 14, ""target_col"": ""load"", ""time_col"": ""datetime"", ""use_calendar"": false, ""use_weather"": false}"
20250703155629_t1_linear_regression.pt,linear_regression,0,"{""batch_size"": 64, ""learning_rate"": 0.01, ""optimizer"": ""adam""}","{""device"": ""cuda"", ""es"": false, ""freq"": ""1d"", ""horizon"": 1, ""load_path"": ""data/processed\\mm4678.csv"", ""lookback"": 14, ""target_col"": ""load"", ""time_col"": ""datetime"", ""use_calendar"": false, ""use_weather"": false}"
20250703155630_t1_lstm.pt,lstm,0,"{""batch_size"": 128, ""dense_size"": 8, ""dropout_fc"": 0.3, ""dropout_lstm"": 0.3, ""learning_rate"": 1e-05, ""lstm_hidden_size"": 32, ""lstm_layers"": 4, ""optimizer"": ""nadam""}","{""device"": ""cuda"", ""es"": false, ""freq"": ""1d"", ""horizon"": 1, ""load_path"": ""data/processed\\mm4678.csv"", ""lookback"": 14, ""target_col"": ""load"", ""time_col"": ""datetime"", ""use_calendar"": false, ""use_weather"": false}"
20250703155630_t1_linear_regression.pt,linear_regression,0,"{""batch_size"": 128, ""learning_rate"": 0.0001, ""optimizer"": ""adam""}","{""device"": ""cuda"", ""es"": false, ""freq"": ""1d"", ""horizon"": 1, ""load_path"": ""data/processed\\mm57710.csv"", ""lookback"": 14, ""target_col"": ""load"", ""time_col"": ""datetime"", ""use_calendar"": false, ""use_weather"": false}"
20250703155630_t1_lstm.pt,lstm,0,"{""batch_size"": 256, ""dense_size"": 8, ""dropout_fc"": 0.3, ""dropout_lstm"": 0.1, ""learning_rate"": 0.001, ""lstm_hidden_size"": 48, ""lstm_layers"": 1, ""optimizer"": ""nadam""}","{""device"": ""cuda"", ""es"": false, ""freq"": ""1d"", ""horizon"": 1, ""load_path"": ""data/processed\\mm57710.csv"", ""lookback"": 14, ""target_col"": ""load"", ""time_col"": ""datetime"", ""use_calendar"": false, ""use_weather"": false}"
20250703155631_t1_linear_regression.pt,linear_regression,0,"{""batch_size"": 64, ""learning_rate"": 1e-05, ""optimizer"": ""adamw""}","{""device"": ""cuda"", ""es"": false, ""freq"": ""1d"", ""horizon"": 1, ""load_path"": ""data/processed\\mm65924.csv"", ""lookback"": 14, ""target_col"": ""load"", ""time_col"": ""datetime"", ""use_calendar"": false, ""use_weather"": false}"
20250703155631_t1_lstm.pt,lstm,0,"{""batch_size"": 256, ""dense_size"": 8, ""dropout_fc"": 0.2, ""dropout_lstm"": 0.2, ""learning_rate"": 1e-05, ""lstm_hidden_size"": 20, ""lstm_layers"": 2, ""optimizer"": ""adamw""}","{""device"": ""cuda"", ""es"": false, ""freq"": ""1d"", ""horizon"": 1, ""load_path"": ""data/processed\\mm65924.csv"", ""lookback"": 14, ""target_col"": ""load"", ""time_col"": ""datetime"", ""use_calendar"": false, ""use_weather"": false}"
20250703155631_t1_linear_regression.pt,linear_regression,0,"{""batch_size"": 256, ""learning_rate"": 0.001, ""optimizer"": ""adam""}","{""device"": ""cuda"", ""es"": false, ""freq"": ""1d"", ""horizon"": 1, ""load_path"": ""data/processed\\mm72425.csv"", ""lookback"": 14, ""target_col"": ""load"", ""time_col"": ""datetime"", ""use_calendar"": false, ""use_weather"": false}"
20250703155631_t1_lstm.pt,lstm,0,"{""batch_size"": 256, ""dense_size"": 48, ""dropout_fc"": 0.1, ""dropout_lstm"": 0.3, ""learning_rate"": 0.01, ""lstm_hidden_size"": 8, ""lstm_layers"": 4, ""optimizer"": ""adam""}","{""device"": ""cuda"", ""es"": false, ""freq"": ""1d"", ""horizon"": 1, ""load_path"": ""data/processed\\mm72425.csv"", ""lookback"": 14, ""target_col"": ""load"", ""time_col"": ""datetime"", ""use_calendar"": false, ""use_weather"": false}"
20250703155632_t1_linear_regression.pt,linear_regression,0,"{""batch_size"": 64, ""learning_rate"": 0.01, ""optimizer"": ""adamw""}","{""device"": ""cuda"", ""es"": false, ""freq"": ""1d"", ""horizon"": 1, ""load_path"": ""data/processed\\mm79158.csv"", ""lookback"": 14, ""target_col"": ""load"", ""time_col"": ""datetime"", ""use_calendar"": false, ""use_weather"": false}"
20250703155632_t1_lstm.pt,lstm,0,"{""batch_size"": 64, ""dense_size"": 64, ""dropout_fc"": 0.3, ""dropout_lstm"": 0.2, ""learning_rate"": 0.0001, ""lstm_hidden_size"": 20, ""lstm_layers"": 1, ""optimizer"": ""adam""}","{""device"": ""cuda"", ""es"": false, ""freq"": ""1d"", ""horizon"": 1, ""load_path"": ""data/processed\\mm79158.csv"", ""lookback"": 14, ""target_col"": ""load"", ""time_col"": ""datetime"", ""use_calendar"": false, ""use_weather"": false}"
20250703155632_t1_linear_regression.pt,linear_regression,0,"{""batch_size"": 256, ""learning_rate"": 0.01, ""optimizer"": ""nadam""}","{""device"": ""cuda"", ""es"": false, ""freq"": ""1d"", ""horizon"": 1, ""load_path"": ""data/processed\\mm9725.csv"", ""lookback"": 14, ""target_col"": ""load"", ""time_col"": ""datetime"", ""use_calendar"": false, ""use_weather"": false}"
20250703155633_t1_lstm.pt,lstm,0,"{""batch_size"": 256, ""dense_size"": 8, ""dropout_fc"": 0.1, ""dropout_lstm"": 0.1, ""learning_rate"": 0.01, ""lstm_hidden_size"": 20, ""lstm_layers"": 3, ""optimizer"": ""nadam""}","{""device"": ""cuda"", ""es"": false, ""freq"": ""1d"", ""horizon"": 1, ""load_path"": ""data/processed\\mm9725.csv"", ""lookback"": 14, ""target_col"": ""load"", ""time_col"": ""datetime"", ""use_calendar"": false, ""use_weather"": false}"
20250703155633_t1_universal.pt,universal,0,"{""batch_size"": 128, ""cnn_channels"": [8, 8, 8], ""dense_size"": 32, ""dropout_cnn"": 0.1, ""dropout_fc"": 0.3, ""kernel_size"": 2, ""learning_rate"": 1e-05, ""lstm_hidden_size"": 32, ""lstm_layers"": 3, ""optimizer"": ""nadam"", ""use_maxpool"": 1}","{""device"": ""cuda"", ""es"": false, ""freq"": ""1d"", ""horizon"": 1, ""load_path"": ""data/processed"", ""lookback"": 14, ""target_col"": ""load"", ""time_col"": ""datetime"", ""use_calendar"": false, ""use_weather"": false}"
20250703155637_t1_universal.pt,universal,0,"{""batch_size"": 128, ""cnn_channels"": [16, 8, 16, 8], ""dense_size"": 32, ""dropout_cnn"": 0.2, ""dropout_fc"": 0.1, ""kernel_size"": 8, ""learning_rate"": 1e-05, ""lstm_hidden_size"": 48, ""lstm_layers"": 3, ""optimizer"": ""adamw"", ""use_maxpool"": 0}","{""device"": ""cuda"", ""es"": true, ""freq"": ""1d"", ""horizon"": 1, ""load_path"": ""data/processed"", ""lookback"": 14, ""target_col"": ""load"", ""time_col"": ""datetime"", ""use_calendar"": false, ""use_weather"": false}"
20250703155641_t1_linear_regression.pt,linear_regression,0,"{""batch_size"": 128, ""learning_rate"": 0.01, ""optimizer"": ""adagrad""}","{""device"": ""cuda"", ""es"": false, ""freq"": ""1d"", ""horizon"": 3, ""load_path"": ""data/processed\\mm118648.csv"", ""lookback"": 14, ""target_col"": ""load"", ""time_col"": ""datetime"", ""use_calendar"": false, ""use_weather"": false}"
20250703155641_t1_lstm.pt,lstm,0,"{""batch_size"": 64, ""dense_size"": 8, ""dropout_fc"": 0.2, ""dropout_lstm"": 0.2, ""learning_rate"": 0.0001, ""lstm_hidden_size"": 16, ""lstm_layers"": 2, ""optimizer"": ""adam""}","{""device"": ""cuda"", ""es"": false, ""freq"": ""1d"", ""horizon"": 3, ""load_path"": ""data/processed\\mm118648.csv"", ""lookback"": 14, ""target_col"": ""load"", ""time_col"": ""datetime"", ""use_calendar"": false, ""use_weather"": false}"
20250703155642_t1_linear_regression.pt,linear_regression,0,"{""batch_size"": 256, ""learning_rate"": 0.0001, ""optimizer"": ""adagrad""}","{""device"": ""cuda"", ""es"": false, ""freq"": ""1d"", ""horizon"": 3, ""load_path"": ""data/processed\\mm125431.csv"", ""lookback"": 14, ""target_col"": ""load"", ""time_col"": ""datetime"", ""use_calendar"": false, ""use_weather"": false}"
20250703155642_t1_lstm.pt,lstm,0,"{""batch_size"": 128, ""dense_size"": 20, ""dropout_fc"": 0.1, ""dropout_lstm"": 0.1, ""learning_rate"": 1e-05, ""lstm_hidden_size"": 32, ""lstm_layers"": 4, ""optimizer"": ""adamw""}","{""device"": ""cuda"", ""es"": false, ""freq"": ""1d"", ""horizon"": 3, ""load_path"": ""data/processed\\mm125431.csv"", ""lookback"": 14, ""target_col"": ""load"", ""time_col"": ""datetime"", ""use_calendar"": false, ""use_weather"": false}"
20250703155642_t1_linear_regression.pt,linear_regression,0,"{""batch_size"": 256, ""learning_rate"": 1e-05, ""optimizer"": ""adagrad""}","{""device"": ""cuda"", ""es"": false, ""freq"": ""1d"", ""horizon"": 3, ""load_path"": ""data/processed\\mm144644.csv"", ""lookback"": 14, ""target_col"": ""load"", ""time_col"": ""datetime"", ""use_calendar"": false, ""use_weather"": false}"
20250703155642_t1_lstm.pt,lstm,0,"{""batch_size"": 64, ""dense_size"": 16, ""dropout_fc"": 0.3, ""dropout_lstm"": 0.1, ""learning_rate"": 1e-05, ""lstm_hidden_size"": 32, ""lstm_layers"": 1, ""optimizer"": ""adamw""}","{""device"": ""cuda"", ""es"": false, ""freq"": ""1d"", ""horizon"": 3, ""load_path"": ""data/processed\\mm144644.csv"", ""lookback"": 14, ""target_col"": ""load"", ""time_col"": ""datetime"", ""use_calendar"": false, ""use_weather"": false}"
20250703155642_t1_linear_regression.pt,linear_regression,0,"{""batch_size"": 64, ""learning_rate"": 0.0001, ""optimizer"": ""adagrad""}","{""device"": ""cuda"", ""es"": false, ""freq"": ""1d"", ""horizon"": 3, ""load_path"": ""data/processed\\mm148296.csv"", ""lookback"": 14, ""target_col"": ""load"", ""time_col"": ""datetime"", ""use_calendar"": false, ""use_weather"": false}"
20250703155643_t1_lstm.pt,lstm,0,"{""batch_size"": 64, ""dense_size"": 32, ""dropout_fc"": 0.1, ""dropout_lstm"": 0.2, ""learning_rate"": 1e-05, ""lstm_hidden_size"": 32, ""lstm_layers"": 1, ""optimizer"": ""adagrad""}","{""device"": ""cuda"", ""es"": false, ""freq"": ""1d"", ""horizon"": 3, ""load_path"": ""data/processed\\mm148296.csv"", ""lookback"": 14, ""target_col"": ""load"", ""time_col"": ""datetime"", ""use_calendar"": false, ""use_weather"": false}"
20250703155643_t1_linear_regression.pt,linear_regression,0,"{""batch_size"": 256, ""learning_rate"": 0.001, ""optimizer"": ""adamw""}","{""device"": ""cuda"", ""es"": false, ""freq"": ""1d"", ""horizon"": 3, ""load_path"": ""data/processed\\mm166942.csv"", ""lookback"": 14, ""target_col"": ""load"", ""time_col"": ""datetime"", ""use_calendar"": false, ""use_weather"": false}"
20250703155643_t1_lstm.pt,lstm,0,"{""batch_size"": 128, ""dense_size"": 8, ""dropout_fc"": 0.3, ""dropout_lstm"": 0.2, ""learning_rate"": 1e-05, ""lstm_hidden_size"": 64, ""lstm_layers"": 2, ""optimizer"": ""nadam""}","{""device"": ""cuda"", ""es"": false, ""freq"": ""1d"", ""horizon"": 3, ""load_path"": ""data/processed\\mm166942.csv"", ""lookback"": 14, ""target_col"": ""load"", ""time_col"": ""datetime"", ""use_calendar"": false, ""use_weather"": false}"
20250703155643_t1_linear_regression.pt,linear_regression,0,"{""batch_size"": 256, ""learning_rate"": 0.01, ""optimizer"": ""adamw""}","{""device"": ""cuda"", ""es"": false, ""freq"": ""1d"", ""horizon"": 3, ""load_path"": ""data/processed\\mm182972.csv"", ""lookback"": 14, ""target_col"": ""load"", ""time_col"": ""datetime"", ""use_calendar"": false, ""use_weather"": false}"
20250703155644_t1_lstm.pt,lstm,0,"{""batch_size"": 256, ""dense_size"": 16, ""dropout_fc"": 0.3, ""dropout_lstm"": 0.1, ""learning_rate"": 0.0001, ""lstm_hidden_size"": 48, ""lstm_layers"": 3, ""optimizer"": ""adamw""}","{""device"": ""cuda"", ""es"": false, ""freq"": ""1d"", ""horizon"": 3, ""load_path"": ""data/processed\\mm182972.csv"", ""lookback"": 14, ""target_col"": ""load"", ""time_col"": ""datetime"", ""use_calendar"": false, ""use_weather"": false}"
20250703155644_t1_linear_regression.pt,linear_regression,0,"{""batch_size"": 128, ""learning_rate"": 0.001, ""optimizer"": ""adagrad""}","{""device"": ""cuda"", ""es"": false, ""freq"": ""1d"", ""horizon"": 3, ""load_path"": ""data/processed\\mm187195.csv"", ""lookback"": 14, ""target_col"": ""load"", ""time_col"": ""datetime"", ""use_calendar"": false, ""use_weather"": false}"
20250703155644_t1_lstm.pt,lstm,0,"{""batch_size"": 64, ""dense_size"": 20, ""dropout_fc"": 0.1, ""dropout_lstm"": 0.2, ""learning_rate"": 0.001, ""lstm_hidden_size"": 20, ""lstm_layers"": 3, ""optimizer"": ""adamw""}","{""device"": ""cuda"", ""es"": false, ""freq"": ""1d"", ""horizon"": 3, ""load_path"": ""data/processed\\mm187195.csv"", ""lookback"": 14, ""target_col"": ""load"", ""time_col"": ""datetime"", ""use_calendar"": false, ""use_weather"": false}"
20250703155644_t1_linear_regression.pt,linear_regression,0,"{""batch_size"": 256, ""learning_rate"": 0.001, ""optimizer"": ""adagrad""}","{""device"": ""cuda"", ""es"": false, ""freq"": ""1d"", ""horizon"": 3, ""load_path"": ""data/processed\\mm199762.csv"", ""lookback"": 14, ""target_col"": ""load"", ""time_col"": ""datetime"", ""use_calendar"": false, ""use_weather"": false}"
20250703155644_t1_lstm.pt,lstm,0,"{""batch_size"": 256, ""dense_size"": 32, ""dropout_fc"": 0.2, ""dropout_lstm"": 0.3, ""learning_rate"": 0.0001, ""lstm_hidden_size"": 48, ""lstm_layers"": 3, ""optimizer"": ""nadam""}","{""device"": ""cuda"", ""es"": false, ""freq"": ""1d"", ""horizon"": 3, ""load_path"": ""data/processed\\mm199762.csv"", ""lookback"": 14, ""target_col"": ""load"", ""time_col"": ""datetime"", ""use_calendar"": false, ""use_weather"": false}"
20250703155645_t1_linear_regression.pt,linear_regression,0,"{""batch_size"": 128, ""learning_rate"": 0.01, ""optimizer"": ""adam""}","{""device"": ""cuda"", ""es"": false, ""freq"": ""1d"", ""horizon"": 3, ""load_path"": ""data/processed\\mm254.csv"", ""lookback"": 14, ""target_col"": ""load"", ""time_col"": ""datetime"", ""use_calendar"": false, ""use_weather"": false}"
20250703155645_t1_lstm.pt,lstm,0,"{""batch_size"": 64, ""dense_size"": 64, ""dropout_fc"": 0.1, ""dropout_lstm"": 0.1, ""learning_rate"": 0.001, ""lstm_hidden_size"": 8, ""lstm_layers"": 2, ""optimizer"": ""adam""}","{""device"": ""cuda"", ""es"": false, ""freq"": ""1d"", ""horizon"": 3, ""load_path"": ""data/processed\\mm254.csv"", ""lookback"": 14, ""target_col"": ""load"", ""time_col"": ""datetime"", ""use_calendar"": false, ""use_weather"": false}"
20250703155645_t1_linear_regression.pt,linear_regression,0,"{""batch_size"": 128, ""learning_rate"": 0.001, ""optimizer"": ""adagrad""}","{""device"": ""cuda"", ""es"": false, ""freq"": ""1d"", ""horizon"": 3, ""load_path"": ""data/processed\\mm3371.csv"", ""lookback"": 14, ""target_col"": ""load"", ""time_col"": ""datetime"", ""use_calendar"": false, ""use_weather"": false}"
20250703155645_t1_lstm.pt,lstm,0,"{""batch_size"": 128, ""dense_size"": 32, ""dropout_fc"": 0.2, ""dropout_lstm"": 0.1, ""learning_rate"": 1e-05, ""lstm_hidden_size"": 48, ""lstm_layers"": 3, ""optimizer"": ""adagrad""}","{""device"": ""cuda"", ""es"": false, ""freq"": ""1d"", ""horizon"": 3, ""load_path"": ""data/processed\\mm3371.csv"", ""lookback"": 14, ""target_col"": ""load"", ""time_col"": ""datetime"", ""use_calendar"": false, ""use_weather"": false}"
20250703155646_t1_linear_regression.pt,linear_regression,0,"{""batch_size"": 128, ""learning_rate"": 0.0001, ""optimizer"": ""adam""}","{""device"": ""cuda"", ""es"": false, ""freq"": ""1d"", ""horizon"": 3, ""load_path"": ""data/processed\\mm41865.csv"", ""lookback"": 14, ""target_col"": ""load"", ""time_col"": ""datetime"", ""use_calendar"": false, ""use_weather"": false}"
20250703155646_t1_lstm.pt,lstm,0,"{""batch_size"": 64, ""dense_size"": 16, ""dropout_fc"": 0.3, ""dropout_lstm"": 0.2, ""learning_rate"": 0.0001, ""lstm_hidden_size"": 64, ""lstm_layers"": 4, ""optimizer"": ""adagrad""}","{""device"": ""cuda"", ""es"": false, ""freq"": ""1d"", ""horizon"": 3, ""load_path"": ""data/processed\\mm41865.csv"", ""lookback"": 14, ""target_col"": ""load"", ""time_col"": ""datetime"", ""use_calendar"": false, ""use_weather"": false}"
20250703155646_t1_linear_regression.pt,linear_regression,0,"{""batch_size"": 128, ""learning_rate"": 0.01, ""optimizer"": ""adam""}","{""device"": ""cuda"", ""es"": false, ""freq"": ""1d"", ""horizon"": 3, ""load_path"": ""data/processed\\mm45674.csv"", ""lookback"": 14, ""target_col"": ""load"", ""time_col"": ""datetime"", ""use_calendar"": false, ""use_weather"": false}"
20250703155647_t1_lstm.pt,lstm,0,"{""batch_size"": 64, ""dense_size"": 8, ""dropout_fc"": 0.2, ""dropout_lstm"": 0.1, ""learning_rate"": 0.01, ""lstm_hidden_size"": 32, ""lstm_layers"": 3, ""optimizer"": ""adam""}","{""device"": ""cuda"", ""es"": false, ""freq"": ""1d"", ""horizon"": 3, ""load_path"": ""data/processed\\mm45674.csv"", ""lookback"": 14, ""target_col"": ""load"", ""time_col"": ""datetime"", ""use_calendar"": false, ""use_weather"": false}"
20250703155647_t1_linear_regression.pt,linear_regression,0,"{""batch_size"": 128, ""learning_rate"": 1e-05, ""optimizer"": ""adamw""}","{""device"": ""cuda"", ""es"": false, ""freq"": ""1d"", ""horizon"": 3, ""load_path"": ""data/processed\\mm4678.csv"", ""lookback"": 14, ""target_col"": ""load"", ""time_col"": ""datetime"", ""use_calendar"": false, ""use_weather"": false}"
20250703155647_t1_lstm.pt,lstm,0,"{""batch_size"": 128, ""dense_size"": 16, ""dropout_fc"": 0.3, ""dropout_lstm"": 0.3, ""learning_rate"": 1e-05, ""lstm_hidden_size"": 16, ""lstm_layers"": 4, ""optimizer"": ""adamw""}","{""device"": ""cuda"", ""es"": false, ""freq"": ""1d"", ""horizon"": 3, ""load_path"": ""data/processed\\mm4678.csv"", ""lookback"": 14, ""target_col"": ""load"", ""time_col"": ""datetime"", ""use_calendar"": false, ""use_weather"": false}"
20250703155648_t1_linear_regression.pt,linear_regression,0,"{""batch_size"": 128, ""learning_rate"": 1e-05, ""optimizer"": ""nadam""}","{""device"": ""cuda"", ""es"": false, ""freq"": ""1d"", ""horizon"": 3, ""load_path"": ""data/processed\\mm57710.csv"", ""lookback"": 14, ""target_col"": ""load"", ""time_col"": ""datetime"", ""use_calendar"": false, ""use_weather"": false}"
20250703155648_t1_lstm.pt,lstm,0,"{""batch_size"": 128, ""dense_size"": 32, ""dropout_fc"": 0.2, ""dropout_lstm"": 0.3, ""learning_rate"": 1e-05, ""lstm_hidden_size"": 8, ""lstm_layers"": 1, ""optimizer"": ""adam""}","{""device"": ""cuda"", ""es"": false, ""freq"": ""1d"", ""horizon"": 3, ""load_path"": ""data/processed\\mm57710.csv"", ""lookback"": 14, ""target_col"": ""load"", ""time_col"": ""datetime"", ""use_calendar"": false, ""use_weather"": false}"
20250703155648_t1_linear_regression.pt,linear_regression,0,"{""batch_size"": 64, ""learning_rate"": 0.0001, ""optimizer"": ""nadam""}","{""device"": ""cuda"", ""es"": false, ""freq"": ""1d"", ""horizon"": 3, ""load_path"": ""data/processed\\mm65924.csv"", ""lookback"": 14, ""target_col"": ""load"", ""time_col"": ""datetime"", ""use_calendar"": false, ""use_weather"": false}"
20250703155648_t1_lstm.pt,lstm,0,"{""batch_size"": 128, ""dense_size"": 20, ""dropout_fc"": 0.2, ""dropout_lstm"": 0.2, ""learning_rate"": 0.001, ""lstm_hidden_size"": 48, ""lstm_layers"": 4, ""optimizer"": ""nadam""}","{""device"": ""cuda"", ""es"": false, ""freq"": ""1d"", ""horizon"": 3, ""load_path"": ""data/processed\\mm65924.csv"", ""lookback"": 14, ""target_col"": ""load"", ""time_col"": ""datetime"", ""use_calendar"": false, ""use_weather"": false}"
20250703155649_t1_linear_regression.pt,linear_regression,0,"{""batch_size"": 256, ""learning_rate"": 0.01, ""optimizer"": ""nadam""}","{""device"": ""cuda"", ""es"": false, ""freq"": ""1d"", ""horizon"": 3, ""load_path"": ""data/processed\\mm72425.csv"", ""lookback"": 14, ""target_col"": ""load"", ""time_col"": ""datetime"", ""use_calendar"": false, ""use_weather"": false}"
20250703155649_t1_lstm.pt,lstm,0,"{""batch_size"": 256, ""dense_size"": 8, ""dropout_fc"": 0.3, ""dropout_lstm"": 0.1, ""learning_rate"": 0.0001, ""lstm_hidden_size"": 32, ""lstm_layers"": 3, ""optimizer"": ""adam""}","{""device"": ""cuda"", ""es"": false, ""freq"": ""1d"", ""horizon"": 3, ""load_path"": ""data/processed\\mm72425.csv"", ""lookback"": 14, ""target_col"": ""load"", ""time_col"": ""datetime"", ""use_calendar"": false, ""use_weather"": false}"
20250703155649_t1_linear_regression.pt,linear_regression,0,"{""batch_size"": 128, ""learning_rate"": 1e-05, ""optimizer"": ""nadam""}","{""device"": ""cuda"", ""es"": false, ""freq"": ""1d"", ""horizon"": 3, ""load_path"": ""data/processed\\mm79158.csv"", ""lookback"": 14, ""target_col"": ""load"", ""time_col"": ""datetime"", ""use_calendar"": false, ""use_weather"": false}"
20250703155649_t1_lstm.pt,lstm,0,"{""batch_size"": 128, ""dense_size"": 16, ""dropout_fc"": 0.1, ""dropout_lstm"": 0.3, ""learning_rate"": 0.01, ""lstm_hidden_size"": 32, ""lstm_layers"": 4, ""optimizer"": ""adagrad""}","{""device"": ""cuda"", ""es"": false, ""freq"": ""1d"", ""horizon"": 3, ""load_path"": ""data/processed\\mm79158.csv"", ""lookback"": 14, ""target_col"": ""load"", ""time_col"": ""datetime"", ""use_calendar"": false, ""use_weather"": false}"
20250703155649_t1_linear_regression.pt,linear_regression,0,"{""batch_size"": 256, ""learning_rate"": 0.0001, ""optimizer"": ""adagrad""}","{""device"": ""cuda"", ""es"": false, ""freq"": ""1d"", ""horizon"": 3, ""load_path"": ""data/processed\\mm9725.csv"", ""lookback"": 14, ""target_col"": ""load"", ""time_col"": ""datetime"", ""use_calendar"": false, ""use_weather"": false}"
20250703155650_t1_lstm.pt,lstm,0,"{""batch_size"": 128, ""dense_size"": 20, ""dropout_fc"": 0.3, ""dropout_lstm"": 0.3, ""learning_rate"": 1e-05, ""lstm_hidden_size"": 64, ""lstm_layers"": 4, ""optimizer"": ""nadam""}","{""device"": ""cuda"", ""es"": false, ""freq"": ""1d"", ""horizon"": 3, ""load_path"": ""data/processed\\mm9725.csv"", ""lookback"": 14, ""target_col"": ""load"", ""time_col"": ""datetime"", ""use_calendar"": false, ""use_weather"": false}"
20250703155650_t1_universal.pt,universal,0,"{""batch_size"": 256, ""cnn_channels"": [32, 32, 8], ""dense_size"": 32, ""dropout_cnn"": 0.1, ""dropout_fc"": 0.1, ""kernel_size"": 4, ""learning_rate"": 1e-05, ""lstm_hidden_size"": 48, ""lstm_layers"": 3, ""optimizer"": ""adagrad"", ""use_maxpool"": 1}","{""device"": ""cuda"", ""es"": false, ""freq"": ""1d"", ""horizon"": 3, ""load_path"": ""data/processed"", ""lookback"": 14, ""target_col"": ""load"", ""time_col"": ""datetime"", ""use_calendar"": false, ""use_weather"": false}"
20250703155653_t1_universal.pt,universal,0,"{""batch_size"": 128, ""cnn_channels"": [8, 8, 16], ""dense_size"": 64, ""dropout_cnn"": 0.2, ""dropout_fc"": 0.1, ""kernel_size"": 2, ""learning_rate"": 0.0001, ""lstm_hidden_size"": 64, ""lstm_layers"": 2, ""optimizer"": ""adamw"", ""use_maxpool"": 0}","{""device"": ""cuda"", ""es"": true, ""freq"": ""1d"", ""horizon"": 3, ""load_path"": ""data/processed"", ""lookback"": 14, ""target_col"": ""load"", ""time_col"": ""datetime"", ""use_calendar"": false, ""use_weather"": false}"
20250703155656_t1_linear_regression.pt,linear_regression,0,"{""batch_size"": 64, ""learning_rate"": 0.0001, ""optimizer"": ""nadam""}","{""device"": ""cuda"", ""es"": false, ""freq"": ""1d"", ""horizon"": 7, ""load_path"": ""data/processed\\mm118648.csv"", ""lookback"": 14, ""target_col"": ""load"", ""time_col"": ""datetime"", ""use_calendar"": false, ""use_weather"": false}"
20250703155656_t1_lstm.pt,lstm,0,"{""batch_size"": 256, ""dense_size"": 64, ""dropout_fc"": 0.2, ""dropout_lstm"": 0.1, ""learning_rate"": 0.01, ""lstm_hidden_size"": 20, ""lstm_layers"": 2, ""optimizer"": ""adam""}","{""device"": ""cuda"", ""es"": false, ""freq"": ""1d"", ""horizon"": 7, ""load_path"": ""data/processed\\mm118648.csv"", ""lookback"": 14, ""target_col"": ""load"", ""time_col"": ""datetime"", ""use_calendar"": false, ""use_weather"": false}"
20250703155656_t1_linear_regression.pt,linear_regression,0,"{""batch_size"": 64, ""learning_rate"": 0.001, ""optimizer"": ""nadam""}","{""device"": ""cuda"", ""es"": false, ""freq"": ""1d"", ""horizon"": 7, ""load_path"": ""data/processed\\mm125431.csv"", ""lookback"": 14, ""target_col"": ""load"", ""time_col"": ""datetime"", ""use_calendar"": false, ""use_weather"": false}"
20250703155656_t1_lstm.pt,lstm,0,"{""batch_size"": 256, ""dense_size"": 64, ""dropout_fc"": 0.2, ""dropout_lstm"": 0.2, ""learning_rate"": 0.01, ""lstm_hidden_size"": 20, ""lstm_layers"": 3, ""optimizer"": ""adamw""}","{""device"": ""cuda"", ""es"": false, ""freq"": ""1d"", ""horizon"": 7, ""load_path"": ""data/processed\\mm125431.csv"", ""lookback"": 14, ""target_col"": ""load"", ""time_col"": ""datetime"", ""use_calendar"": false, ""use_weather"": false}"
20250703155656_t1_linear_regression.pt,linear_regression,0,"{""batch_size"": 64, ""learning_rate"": 0.001, ""optimizer"": ""adamw""}","{""device"": ""cuda"", ""es"": false, ""freq"": ""1d"", ""horizon"": 7, ""load_path"": ""data/processed\\mm144644.csv"", ""lookback"": 14, ""target_col"": ""load"", ""time_col"": ""datetime"", ""use_calendar"": false, ""use_weather"": false}"
20250703155657_t1_lstm.pt,lstm,0,"{""batch_size"": 128, ""dense_size"": 64, ""dropout_fc"": 0.1, ""dropout_lstm"": 0.1, ""learning_rate"": 1e-05, ""lstm_hidden_size"": 32, ""lstm_layers"": 4, ""optimizer"": ""nadam""}","{""device"": ""cuda"", ""es"": false, ""freq"": ""1d"", ""horizon"": 7, ""load_path"": ""data/processed\\mm144644.csv"", ""lookback"": 14, ""target_col"": ""load"", ""time_col"": ""datetime"", ""use_calendar"": false, ""use_weather"": false}"
20250703155657_t1_linear_regression.pt,linear_regression,0,"{""batch_size"": 64, ""learning_rate"": 0.001, ""optimizer"": ""nadam""}","{""device"": ""cuda"", ""es"": false, ""freq"": ""1d"", ""horizon"": 7, ""load_path"": ""data/processed\\mm148296.csv"", ""lookback"": 14, ""target_col"": ""load"", ""time_col"": ""datetime"", ""use_calendar"": false, ""use_weather"": false}"
20250703155657_t1_lstm.pt,lstm,0,"{""batch_size"": 64, ""dense_size"": 48, ""dropout_fc"": 0.3, ""dropout_lstm"": 0.2, ""learning_rate"": 0.0001, ""lstm_hidden_size"": 20, ""lstm_layers"": 4, ""optimizer"": ""adamw""}","{""device"": ""cuda"", ""es"": false, ""freq"": ""1d"", ""horizon"": 7, ""load_path"": ""data/processed\\mm148296.csv"", ""lookback"": 14, ""target_col"": ""load"", ""time_col"": ""datetime"", ""use_calendar"": false, ""use_weather"": false}"
20250703155657_t1_linear_regression.pt,linear_regression,0,"{""batch_size"": 256, ""learning_rate"": 0.0001, ""optimizer"": ""adagrad""}","{""device"": ""cuda"", ""es"": false, ""freq"": ""1d"", ""horizon"": 7, ""load_path"": ""data/processed\\mm166942.csv"", ""lookback"": 14, ""target_col"": ""load"", ""time_col"": ""datetime"", ""use_calendar"": false, ""use_weather"": false}"
20250703155657_t1_lstm.pt,lstm,0,"{""batch_size"": 64, ""dense_size"": 64, ""dropout_fc"": 0.2, ""dropout_lstm"": 0.2, ""learning_rate"": 0.0001, ""lstm_hidden_size"": 16, ""lstm_layers"": 4, ""optimizer"": ""nadam""}","{""device"": ""cuda"", ""es"": false, ""freq"": ""1d"", ""horizon"": 7, ""load_path"": ""data/processed\\mm166942.csv"", ""lookback"": 14, ""target_col"": ""load"", ""time_col"": ""datetime"", ""use_calendar"": false, ""use_weather"": false}"
20250703155658_t1_linear_regression.pt,linear_regression,0,"{""batch_size"": 256, ""learning_rate"": 0.0001, ""optimizer"": ""adam""}","{""device"": ""cuda"", ""es"": false, ""freq"": ""1d"", ""horizon"": 7, ""load_path"": ""data/processed\\mm182972.csv"", ""lookback"": 14, ""target_col"": ""load"", ""time_col"": ""datetime"", ""use_calendar"": false, ""use_weather"": false}"
20250703155658_t1_lstm.pt,lstm,0,"{""batch_size"": 128, ""dense_size"": 48, ""dropout_fc"": 0.1, ""dropout_lstm"": 0.3, ""learning_rate"": 0.01, ""lstm_hidden_size"": 20, ""lstm_layers"": 2, ""optimizer"": ""adamw""}","{""device"": ""cuda"", ""es"": false, ""freq"": ""1d"", ""horizon"": 7, ""load_path"": ""data/processed\\mm182972.csv"", ""lookback"": 14, ""target_col"": ""load"", ""time_col"": ""datetime"", ""use_calendar"": false, ""use_weather"": false}"
20250703155658_t1_linear_regression.pt,linear_regression,0,"{""batch_size"": 128, ""learning_rate"": 0.001, ""optimizer"": ""adagrad""}","{""device"": ""cuda"", ""es"": false, ""freq"": ""1d"", ""horizon"": 7, ""load_path"": ""data/processed\\mm187195.csv"", ""lookback"": 14, ""target_col"": ""load"", ""time_col"": ""datetime"", ""use_calendar"": false, ""use_weather"": false}"
20250703155658_t1_lstm.pt,lstm,0,"{""batch_size"": 128, ""dense_size"": 48, ""dropout_fc"": 0.3, ""dropout_lstm"": 0.1, ""learning_rate"": 0.01, ""lstm_hidden_size"": 8, ""lstm_layers"": 1, ""optimizer"": ""adagrad""}","{""device"": ""cuda"", ""es"": false, ""freq"": ""1d"", ""horizon"": 7, ""load_path"": ""data/processed\\mm187195.csv"", ""lookback"": 14, ""target_col"": ""load"", ""time_col"": ""datetime"", ""use_calendar"": false, ""use_weather"": false}"
20250703155659_t1_linear_regression.pt,linear_regression,0,"{""batch_size"": 256, ""learning_rate"": 1e-05, ""optimizer"": ""adagrad""}","{""device"": ""cuda"", ""es"": false, ""freq"": ""1d"", ""horizon"": 7, ""load_path"": ""data/processed\\mm199762.csv"", ""lookback"": 14, ""target_col"": ""load"", ""time_col"": ""datetime"", ""use_calendar"": false, ""use_weather"": false}"
20250703155659_t1_lstm.pt,lstm,0,"{""batch_size"": 128, ""dense_size"": 8, ""dropout_fc"": 0.1, ""dropout_lstm"": 0.2, ""learning_rate"": 0.01, ""lstm_hidden_size"": 64, ""lstm_layers"": 3, ""optimizer"": ""adam""}","{""device"": ""cuda"", ""es"": false, ""freq"": ""1d"", ""horizon"": 7, ""load_path"": ""data/processed\\mm199762.csv"", ""lookback"": 14, ""target_col"": ""load"", ""time_col"": ""datetime"", ""use_calendar"": false, ""use_weather"": false}"
20250703155659_t1_linear_regression.pt,linear_regression,0,"{""batch_size"": 128, ""learning_rate"": 0.001, ""optimizer"": ""adamw""}","{""device"": ""cuda"", ""es"": false, ""freq"": ""1d"", ""horizon"": 7, ""load_path"": ""data/processed\\mm254.csv"", ""lookback"": 14, ""target_col"": ""load"", ""time_col"": ""datetime"", ""use_calendar"": false, ""use_weather"": false}"
20250703155659_t1_lstm.pt,lstm,0,"{""batch_size"": 256, ""dense_size"": 32, ""dropout_fc"": 0.2, ""dropout_lstm"": 0.1, ""learning_rate"": 0.001, ""lstm_hidden_size"": 8, ""lstm_layers"": 4, ""optimizer"": ""adam""}","{""device"": ""cuda"", ""es"": false, ""freq"": ""1d"", ""horizon"": 7, ""load_path"": ""data/processed\\mm254.csv"", ""lookback"": 14, ""target_col"": ""load"", ""time_col"": ""datetime"", ""use_calendar"": false, ""use_weather"": false}"
20250703155700_t1_linear_regression.pt,linear_regression,0,"{""batch_size"": 256, ""learning_rate"": 0.01, ""optimizer"": ""adagrad""}","{""device"": ""cuda"", ""es"": false, ""freq"": ""1d"", ""horizon"": 7, ""load_path"": ""data/processed\\mm3371.csv"", ""lookback"": 14, ""target_col"": ""load"", ""time_col"": ""datetime"", ""use_calendar"": false, ""use_weather"": false}"
20250703155700_t1_lstm.pt,lstm,0,"{""batch_size"": 64, ""dense_size"": 48, ""dropout_fc"": 0.2, ""dropout_lstm"": 0.2, ""learning_rate"": 0.001, ""lstm_hidden_size"": 32, ""lstm_layers"": 3, ""optimizer"": ""adagrad""}","{""device"": ""cuda"", ""es"": false, ""freq"": ""1d"", ""horizon"": 7, ""load_path"": ""data/processed\\mm3371.csv"", ""lookback"": 14, ""target_col"": ""load"", ""time_col"": ""datetime"", ""use_calendar"": false, ""use_weather"": false}"
20250703155700_t1_linear_regression.pt,linear_regression,0,"{""batch_size"": 128, ""learning_rate"": 0.0001, ""optimizer"": ""adam""}","{""device"": ""cuda"", ""es"": false, ""freq"": ""1d"", ""horizon"": 7, ""load_path"": ""data/processed\\mm41865.csv"", ""lookback"": 14, ""target_col"": ""load"", ""time_col"": ""datetime"", ""use_calendar"": false, ""use_weather"": false}"
20250703155700_t1_lstm.pt,lstm,0,"{""batch_size"": 64, ""dense_size"": 8, ""dropout_fc"": 0.2, ""dropout_lstm"": 0.3, ""learning_rate"": 0.001, ""lstm_hidden_size"": 16, ""lstm_layers"": 2, ""optimizer"": ""adamw""}","{""device"": ""cuda"", ""es"": false, ""freq"": ""1d"", ""horizon"": 7, ""load_path"": ""data/processed\\mm41865.csv"", ""lookback"": 14, ""target_col"": ""load"", ""time_col"": ""datetime"", ""use_calendar"": false, ""use_weather"": false}"
20250703155701_t1_linear_regression.pt,linear_regression,0,"{""batch_size"": 256, ""learning_rate"": 0.0001, ""optimizer"": ""nadam""}","{""device"": ""cuda"", ""es"": false, ""freq"": ""1d"", ""horizon"": 7, ""load_path"": ""data/processed\\mm45674.csv"", ""lookback"": 14, ""target_col"": ""load"", ""time_col"": ""datetime"", ""use_calendar"": false, ""use_weather"": false}"
20250703155701_t1_lstm.pt,lstm,0,"{""batch_size"": 256, ""dense_size"": 16, ""dropout_fc"": 0.1, ""dropout_lstm"": 0.2, ""learning_rate"": 0.001, ""lstm_hidden_size"": 32, ""lstm_layers"": 2, ""optimizer"": ""adamw""}","{""device"": ""cuda"", ""es"": false, ""freq"": ""1d"", ""horizon"": 7, ""load_path"": ""data/processed\\mm45674.csv"", ""lookback"": 14, ""target_col"": ""load"", ""time_col"": ""datetime"", ""use_calendar"": false, ""use_weather"": false}"
20250703155701_t1_linear_regression.pt,linear_regression,0,"{""batch_size"": 128, ""learning_rate"": 0.001, ""optimizer"": ""nadam""}","{""device"": ""cuda"", ""es"": false, ""freq"": ""1d"", ""horizon"": 7, ""load_path"": ""data/processed\\mm4678.csv"", ""lookback"": 14, ""target_col"": ""load"", ""time_col"": ""datetime"", ""use_calendar"": false, ""use_weather"": false}"
20250703155701_t1_lstm.pt,lstm,0,"{""batch_size"": 128, ""dense_size"": 48, ""dropout_fc"": 0.1, ""dropout_lstm"": 0.3, ""learning_rate"": 0.001, ""lstm_hidden_size"": 20, ""lstm_layers"": 4, ""optimizer"": ""adam""}","{""device"": ""cuda"", ""es"": false, ""freq"": ""1d"", ""horizon"": 7, ""load_path"": ""data/processed\\mm4678.csv"", ""lookback"": 14, ""target_col"": ""load"", ""time_col"": ""datetime"", ""use_calendar"": false, ""use_weather"": false}"
20250703155701_t1_linear_regression.pt,linear_regression,0,"{""batch_size"": 128, ""learning_rate"": 0.001, ""optimizer"": ""adagrad""}","{""device"": ""cuda"", ""es"": false, ""freq"": ""1d"", ""horizon"": 7, ""load_path"": ""data/processed\\mm57710.csv"", ""lookback"": 14, ""target_col"": ""load"", ""time_col"": ""datetime"", ""use_calendar"": false, ""use_weather"": false}"
20250703155702_t1_lstm.pt,lstm,0,"{""batch_size"": 128, ""dense_size"": 48, ""dropout_fc"": 0.2, ""dropout_lstm"": 0.1, ""learning_rate"": 0.0001, ""lstm_hidden_size"": 32, ""lstm_layers"": 1, ""optimizer"": ""nadam""}","{""device"": ""cuda"", ""es"": false, ""freq"": ""1d"", ""horizon"": 7, ""load_path"": ""data/processed\\mm57710.csv"", ""lookback"": 14, ""target_col"": ""load"", ""time_col"": ""datetime"", ""use_calendar"": false, ""use_weather"": false}"
20250703155702_t1_linear_regression.pt,linear_regression,0,"{""batch_size"": 64, ""learning_rate"": 0.01, ""optimizer"": ""adam""}","{""device"": ""cuda"", ""es"": false, ""freq"": ""1d"", ""horizon"": 7, ""load_path"": ""data/processed\\mm65924.csv"", ""lookback"": 14, ""target_col"": ""load"", ""time_col"": ""datetime"", ""use_calendar"": false, ""use_weather"": false}"
20250703155702_t1_lstm.pt,lstm,0,"{""batch_size"": 256, ""dense_size"": 32, ""dropout_fc"": 0.1, ""dropout_lstm"": 0.2, ""learning_rate"": 0.01, ""lstm_hidden_size"": 16, ""lstm_layers"": 1, ""optimizer"": ""adam""}","{""device"": ""cuda"", ""es"": false, ""freq"": ""1d"", ""horizon"": 7, ""load_path"": ""data/processed\\mm65924.csv"", ""lookback"": 14, ""target_col"": ""load"", ""time_col"": ""datetime"", ""use_calendar"": false, ""use_weather"": false}"
20250703155702_t1_linear_regression.pt,linear_regression,0,"{""batch_size"": 64, ""learning_rate"": 0.0001, ""optimizer"": ""adagrad""}","{""device"": ""cuda"", ""es"": false, ""freq"": ""1d"", ""horizon"": 7, ""load_path"": ""data/processed\\mm72425.csv"", ""lookback"": 14, ""target_col"": ""load"", ""time_col"": ""datetime"", ""use_calendar"": false, ""use_weather"": false}"
20250703155703_t1_lstm.pt,lstm,0,"{""batch_size"": 128, ""dense_size"": 48, ""dropout_fc"": 0.3, ""dropout_lstm"": 0.1, ""learning_rate"": 0.0001, ""lstm_hidden_size"": 16, ""lstm_layers"": 1, ""optimizer"": ""nadam""}","{""device"": ""cuda"", ""es"": false, ""freq"": ""1d"", ""horizon"": 7, ""load_path"": ""data/processed\\mm72425.csv"", ""lookback"": 14, ""target_col"": ""load"", ""time_col"": ""datetime"", ""use_calendar"": false, ""use_weather"": false}"
20250703155703_t1_linear_regression.pt,linear_regression,0,"{""batch_size"": 128, ""learning_rate"": 1e-05, ""optimizer"": ""adagrad""}","{""device"": ""cuda"", ""es"": false, ""freq"": ""1d"", ""horizon"": 7, ""load_path"": ""data/processed\\mm79158.csv"", ""lookback"": 14, ""target_col"": ""load"", ""time_col"": ""datetime"", ""use_calendar"": false, ""use_weather"": false}"
20250703155703_t1_lstm.pt,lstm,0,"{""batch_size"": 64, ""dense_size"": 32, ""dropout_fc"": 0.1, ""dropout_lstm"": 0.1, ""learning_rate"": 1e-05, ""lstm_hidden_size"": 64, ""lstm_layers"": 4, ""optimizer"": ""adagrad""}","{""device"": ""cuda"", ""es"": false, ""freq"": ""1d"", ""horizon"": 7, ""load_path"": ""data/processed\\mm79158.csv"", ""lookback"": 14, ""target_col"": ""load"", ""time_col"": ""datetime"", ""use_calendar"": false, ""use_weather"": false}"
20250703155703_t1_linear_regression.pt,linear_regression,0,"{""batch_size"": 256, ""learning_rate"": 0.01, ""optimizer"": ""adagrad""}","{""device"": ""cuda"", ""es"": false, ""freq"": ""1d"", ""horizon"": 7, ""load_path"": ""data/processed\\mm9725.csv"", ""lookback"": 14, ""target_col"": ""load"", ""time_col"": ""datetime"", ""use_calendar"": false, ""use_weather"": false}"
20250703155703_t1_lstm.pt,lstm,0,"{""batch_size"": 64, ""dense_size"": 20, ""dropout_fc"": 0.3, ""dropout_lstm"": 0.2, ""learning_rate"": 1e-05, ""lstm_hidden_size"": 16, ""lstm_layers"": 4, ""optimizer"": ""adam""}","{""device"": ""cuda"", ""es"": false, ""freq"": ""1d"", ""horizon"": 7, ""load_path"": ""data/processed\\mm9725.csv"", ""lookback"": 14, ""target_col"": ""load"", ""time_col"": ""datetime"", ""use_calendar"": false, ""use_weather"": false}"
20250703155704_t1_universal.pt,universal,0,"{""batch_size"": 256, ""cnn_channels"": [32, 16, 32, 16], ""dense_size"": 48, ""dropout_cnn"": 0.2, ""dropout_fc"": 0.1, ""kernel_size"": 8, ""learning_rate"": 0.01, ""lstm_hidden_size"": 48, ""lstm_layers"": 4, ""optimizer"": ""nadam"", ""use_maxpool"": 0}","{""device"": ""cuda"", ""es"": false, ""freq"": ""1d"", ""horizon"": 7, ""load_path"": ""data/processed"", ""lookback"": 14, ""target_col"": ""load"", ""time_col"": ""datetime"", ""use_calendar"": false, ""use_weather"": false}"
20250703155706_t1_universal.pt,universal,0,"{""batch_size"": 128, ""cnn_channels"": [32, 16], ""dense_size"": 32, ""dropout_cnn"": 0.3, ""dropout_fc"": 0.2, ""kernel_size"": 4, ""learning_rate"": 0.01, ""lstm_hidden_size"": 32, ""lstm_layers"": 3, ""optimizer"": ""nadam"", ""use_maxpool"": 0}","{""device"": ""cuda"", ""es"": true, ""freq"": ""1d"", ""horizon"": 7, ""load_path"": ""data/processed"", ""lookback"": 14, ""target_col"": ""load"", ""time_col"": ""datetime"", ""use_calendar"": false, ""use_weather"": false}"
